{
  "annotations": {
    "list": [
      {
        "builtIn": 1,
        "datasource": {
          "type": "grafana",
          "uid": "-- Grafana --"
        },
        "enable": true,
        "hide": true,
        "iconColor": "rgba(0, 211, 255, 1)",
        "name": "Annotations & Alerts",
        "target": {
          "limit": 100,
          "matchAny": false,
          "tags": [],
          "type": "dashboard"
        },
        "type": "dashboard"
      }
    ]
  },
  "editable": true,
  "fiscalYearStartMonth": 0,
  "graphTooltip": 0,
  "id": 2,
  "links": [],
  "liveNow": false,
  "panels": [
    {
      "datasource": {
        "type": "influxdb",
        "uid": "P951FEA4DE68E13C5"
      },
      "fieldConfig": {
        "defaults": {
          "color": {
            "mode": "palette-classic"
          },
          "custom": {
            "axisCenteredZero": false,
            "axisColorMode": "text",
            "axisLabel": "",
            "axisPlacement": "auto",
            "barAlignment": 0,
            "drawStyle": "line",
            "fillOpacity": 0,
            "gradientMode": "none",
            "hideFrom": {
              "legend": false,
              "tooltip": false,
              "viz": false
            },
            "lineInterpolation": "smooth",
            "lineWidth": 1,
            "pointSize": 7,
            "scaleDistribution": {
              "type": "linear"
            },
            "showPoints": "auto",
            "spanNulls": false,
            "stacking": {
              "group": "A",
              "mode": "none"
            },
            "thresholdsStyle": {
              "mode": "off"
            }
          },
          "mappings": [],
          "thresholds": {
            "mode": "absolute",
            "steps": [
              {
                "color": "green",
                "value": null
              },
              {
                "color": "red",
                "value": 80
              }
            ]
          }
        },
        "overrides": []
      },
      "gridPos": {
        "h": 9,
        "w": 15,
        "x": 0,
        "y": 0
      },
      "id": 2,
      "options": {
        "legend": {
          "calcs": [],
          "displayMode": "list",
          "placement": "bottom",
          "showLegend": true
        },
        "tooltip": {
          "mode": "single",
          "sort": "none"
        }
      },
      "pluginVersion": "9.3.2",
      "targets": [
        {
          "alias": "$0.$1",
          "datasource": {
            "type": "influxdb",
            "uid": "faShtJh4k"
          },
          "groupBy": [
            {
              "params": [
                "1s"
              ],
              "type": "time"
            },
            {
              "params": [
                "none"
              ],
              "type": "fill"
            }
          ],
          "hide": false,
          "measurement": "/.*/",
          "orderByTime": "ASC",
          "policy": "default",
          "query": "SELECT mean(*) FROM \"autogen\".\"measurement\" WHERE (\"location\" = 'UPB') AND $timeFilter GROUP BY time(1s) fill(previous)",
          "rawQuery": false,
          "refId": "A",
          "resultFormat": "time_series",
          "select": [
            [
              {
                "params": [
                  "*"
                ],
                "type": "field"
              },
              {
                "params": [],
                "type": "mean"
              }
            ]
          ],
          "tags": [
            {
              "key": "location",
              "operator": "=",
              "value": "UPB"
            }
          ]
        }
      ],
      "title": "Grafic Date",
      "type": "timeseries"
    },
    {
      "datasource": {
        "type": "influxdb",
        "uid": "P951FEA4DE68E13C5"
      },
      "fieldConfig": {
        "defaults": {
          "color": {
            "mode": "thresholds"
          },
          "custom": {
            "align": "auto",
            "displayMode": "auto",
            "inspect": false
          },
          "mappings": [],
          "noValue": "-",
          "thresholds": {
            "mode": "absolute",
            "steps": [
              {
                "color": "green",
                "value": null
              },
              {
                "color": "red",
                "value": 80
              }
            ]
          }
        },
        "overrides": [
          {
            "matcher": {
              "id": "byName",
              "options": "Time"
            },
            "properties": [
              {
                "id": "custom.width",
                "value": 318
              }
            ]
          },
          {
            "matcher": {
              "id": "byName",
              "options": "A.BAT"
            },
            "properties": [
              {
                "id": "custom.width",
                "value": 103
              }
            ]
          },
          {
            "matcher": {
              "id": "byName",
              "options": "B.BAT"
            },
            "properties": [
              {
                "id": "custom.width",
                "value": 72
              }
            ]
          },
          {
            "matcher": {
              "id": "byName",
              "options": "B.HUMID"
            },
            "properties": [
              {
                "id": "custom.width",
                "value": 83
              }
            ]
          },
          {
            "matcher": {
              "id": "byName",
              "options": "B.TEMP"
            },
            "properties": [
              {
                "id": "custom.width",
                "value": 90
              }
            ]
          },
          {
            "matcher": {
              "id": "byName",
              "options": "C.BAT"
            },
            "properties": [
              {
                "id": "custom.width",
                "value": 76
              }
            ]
          },
          {
            "matcher": {
              "id": "byName",
              "options": "C.HUMID"
            },
            "properties": [
              {
                "id": "custom.width",
                "value": 80
              }
            ]
          }
        ]
      },
      "gridPos": {
        "h": 8,
        "w": 15,
        "x": 0,
        "y": 9
      },
      "id": 4,
      "options": {
        "footer": {
          "fields": "",
          "reducer": [
            "sum"
          ],
          "show": false
        },
        "showHeader": true,
        "sortBy": [
          {
            "desc": true,
            "displayName": "Time"
          }
        ]
      },
      "pluginVersion": "9.3.2",
      "targets": [
        {
          "alias": "$0.$1",
          "datasource": {
            "type": "influxdb",
            "uid": "faShtJh4k"
          },
          "groupBy": [],
          "measurement": "/.*/",
          "orderByTime": "ASC",
          "policy": "default",
          "refId": "A",
          "resultFormat": "time_series",
          "select": [
            [
              {
                "params": [
                  "value"
                ],
                "type": "field"
              }
            ]
          ],
          "tags": [
            {
              "key": "location",
              "operator": "=",
              "value": "UPB"
            }
          ]
        }
      ],
      "title": "Tabel ",
      "transformations": [
        {
          "id": "joinByField",
          "options": {}
        }
      ],
      "type": "table"
    }
  ],
  "refresh": "30s",
  "schemaVersion": 37,
  "style": "dark",
  "tags": [],
  "templating": {
    "list": []
  },
  "time": {
    "from": "now-6h",
    "to": "now"
  },
  "timepicker": {},
  "timezone": "",
  "title": "UPB IoT Data",
  "uid": "uEtE01h4k",
  "version": 4,
  "weekStart": ""
}